Engine rpm,Lub oil pressure,Fuel pressure,Coolant pressure,lub oil temp,Coolant temp,Engine Condition
700,2.493591821,11.79092738,3.178980794,84.14416293,81.6321865,1
876,2.941605932,16.19386556,2.464503704,77.64093415,82.4457245,0
520,2.961745579,6.553146911,1.064346764,77.75226574,79.64577667,1
473,3.707834743,19.51017166,3.727455362,74.12990715,71.77462869,1
619,5.672918584,15.73887141,2.052251454,78.39698883,87.00022538,0
